energy_consumption,mobility_pattern,packet_transmission,link_stability,behavior_label
54.96714153011233,0.16748258225906976,85.36186384425204,0.4051704488134128,0
48.61735698828815,0.10456784033440025,78.71765391614124,0.4842557987791102,0
56.47688538100692,0.6364302495436367,94.78761765628771,0.7391953665165845,0
65.23029856408026,0.7064757264869012,110.10675669034717,0.25005187377556126,1
47.658466252766644,0.03158614482564204,61.872412955313834,0.3684055517322744,1
47.6586304305082,0.9362122462436898,91.72539118721126,0.8472189122333411,1
65.79212815507391,0.05197128365147241,87.5980080665004,0.31753753886701663,1
57.67434729152909,0.5412963353010705,100.07010114675698,0.4741161172180173,0
45.30525614065048,0.7090605194509164,93.19794942356533,0.8917271374865121,0
55.42560043585965,0.8709691237460856,78.72046002391771,0.32394024891475415,1
45.365823071875376,0.7140869321324278,85.21419096500072,0.26618946849455194,1
45.34270246429743,0.8017280830697918,78.05961214794766,0.5876303960640087,1
52.41962271566034,0.33945019254280606,106.14010707897897,0.44193560902282913,0
30.86719755342202,0.8148251137465122,90.31967473007913,0.6507266915870833,1
32.75082167486967,0.08011484638467514,118.5178602862951,0.8430439123867801,0
44.37712470759027,0.8948166560605276,89.0900877927807,0.30971879052219453,1
39.87168879665576,0.5475923761537362,79.37389849634306,0.664559267643428,0
53.142473325952736,0.8172977699624937,67.2942841108076,0.6044070083118911,1
40.91975924478789,0.45231828451830014,62.95290485616083,0.3152630288105597,1
35.87696298664709,0.643577695196525,66.23796085491765,0.699198788423186,1
64.65648768921554,0.5264026609361132,94.00689976517225,0.41891233428861735,1
47.74223699513465,0.7315895217553319,97.63087534844901,0.59026745483521,0
50.67528204687924,0.08162998203058958,66.282139469518,0.26581785942164954,1
35.75251813786544,0.0603520839905638,103.42557471114173,0.5676672457708984,0
44.556172754748175,0.24710323401014644,82.75408422474841,0.4451707744342563,0
51.10922589709866,0.15954468011318834,92.20189517978324,0.8579049689482836,0
38.490064225776976,0.8717835665922017,114.18330942383136,0.24558298159789463,1
53.75698018345672,0.21921398735804432,103.45258973798298,0.534885819934664,0
43.99361310081195,0.9758652558191313,85.97204028141252,0.5667451393051504,1
47.083062502067236,0.33689579177110685,76.63211661877068,0.7800048610392951,0
43.98293387770603,0.18211791568869928,57.72276898006042,0.6594300600721688,1
68.52278184508938,0.7896985071424791,79.2127002113637,0.733769869755345,1
49.86502775262066,0.6587077755008761,86.83304641758458,0.821639428521405,0
39.422890710440996,0.498195716453139,75.19230709273224,0.889762378926551,0
58.225449121031886,0.5553635509376312,88.03114549361543,0.4511003973779764,0
37.791563500289776,0.7192017782722638,91.15277824438152,0.6304181642911224,0
52.08863595004755,0.22845474133129873,86.62716027287883,0.87208646275136,0
30.403298761202244,0.9963339160567419,80.2499612876481,0.9915609047720453,1
36.71813951101569,0.9747931621467831,92.52982007950092,0.9116154488350106,1
51.96861235869123,0.6503256863469369,96.62910974354114,0.49717381009950146,0
57.38466579995411,0.19954245092914513,73.64401383835731,0.35613321377492035,1
51.7136828118997,0.6802282424312913,111.16398569619405,0.591514029925271,0
48.843517176117594,0.07219840897917584,88.52117801573607,0.7933131614688338,0
46.98896304410711,0.030652502205806065,90.28274434417271,0.594055256602638,0
35.214780096325725,0.2576828885112137,100.62321634884836,0.5865446906509348,0
42.801557916052914,0.4626229567393163,93.49824196895253,0.8705843368654405,0
45.393612290402125,0.8682725054083805,104.29704950869868,0.4891230232537491,1
60.57122226218915,0.727169069766308,94.30686247802737,0.8878357398493166,1
53.43618289568462,0.742706521199981,80.81343938039343,0.5254438407613788,0
32.36959844637266,0.42549333444807536,95.42255287809152,0.46258648454267154,0
53.24083969394795,0.3459349925469629,72.84410689019008,0.5631919289597592,0
46.149177195836835,0.3710387629846027,91.62839558664784,0.8099575669398948,0
43.23077999694041,0.9876495637360578,89.5015501403331,0.30080162229119545,1
56.11676288840868,0.04010919141248248,86.87824714091191,0.3571353726976139,1
60.30999522495951,0.8670314961224486,88.07193732841604,0.9611558605304735,1
59.31280119116199,0.5786754085723934,61.77226431753542,0.3403933019050859,1
41.607824767773614,0.43861541918959046,81.76912638388558,0.6541818543448437,0
46.907876241487855,0.7252576604151365,91.39267351711672,0.6634515733295503,0
53.31263431403564,0.48666894142470285,92.39784587996101,0.5916995696401959,0
59.75545127122359,0.8734232380816606,74.58487288611063,0.715796198861455,1
45.2082576215471,0.9007018640112585,108.98561761297051,0.3838613806380948,1
48.14341023336183,0.4217209268734554,77.00737727678249,0.6421298142213986,0
38.93665025993972,0.2768277972350516,104.54185800790106,0.49773860419751775,0
38.037933759193294,0.5923503285933622,96.40791542807527,0.7293338077033513,0
58.125258223941984,0.912363345616691,80.30659035234295,0.3129788346985196,1
63.56240028570823,0.21066218900566658,116.62966338914268,0.656701933471581,1
49.27989878419666,0.6229665835634828,72.0954475236528,0.34821628430665896,1
60.03532897892024,0.6315602200925206,103.78731260415002,0.42291445049202914,1
53.61636025047634,0.733113022415281,105.00873477064468,0.3749678402588666,1
43.54880245394876,0.1315676851272598,79.94069686385032,0.3462702238950537,1
53.61395605508414,0.7158249646820886,110.88697950096493,0.8605687612485335,0
65.38036566465969,0.909032520665641,86.2493022810157,0.4285660541287123,1
49.64173960890049,0.17968310887024197,94.33040443919785,0.9416990254915596,0
65.64643655814007,0.23754332492387764,93.90482758156831,0.9759412202761528,1
23.802548959102555,0.9713950940416396,87.98536887794178,0.6570083759496779,1
58.21902504375224,0.18097695270948977,102.16212409739673,0.31440089813258115,1
50.870470682381715,0.8543850933695791,101.9023308082832,0.499638594703665,1
47.009926495341325,0.4922778564480348,63.772020401427284,0.8381858106785713,1
50.91760776535502,0.24723107440317704,109.56510364317229,0.4939125829576564,0
30.124310853991073,0.8707499012725114,65.06262017946489,0.269613774642231,1
47.80328112162488,0.4453052550026655,105.48819306512486,0.6454279287425504,0
53.57112571511746,0.5148173539296902,106.90057705241375,0.8760966811968278,0
64.77894044741517,0.3592333693997657,73.63550354677203,0.8367411097148019,1
44.81729781726352,0.5929508514349274,83.83778568068122,0.3400985121042826,1
41.91506397106812,0.16352387258502277,73.41442997271096,0.7382116915299735,0
44.982429564154636,0.3910815366517607,86.77618454566897,0.3764034107485177,1
59.15402117702074,0.9694123223352875,85.37948573721388,0.3745660276417378,1
53.287511096596845,0.25813343270112754,101.6949079840401,0.8992574186441482,0
44.70239796232961,0.6567366645412922,109.65463119179412,0.39973516219218413,1
55.13267433113356,0.3251900642246949,110.93525716184934,0.410597877214409,0
50.9707754934804,0.7734731256866006,81.56747960132547,0.20052271260903964,1
59.68644990532889,0.13087366071834983,86.86167189383208,0.8965352273004141,0
42.979469061226474,0.9698210450785447,64.74842711668575,0.8340758505673078,1
46.723378534022316,0.45378954138363925,77.91194900255717,0.7018631480725424,0
46.078918468678424,0.23605046334646396,104.47277449646187,0.8002126111510739,0
35.364850518678814,0.07349674733001266,114.23374235322348,0.32163885393959346,1
52.96120277064576,0.16975790508754074,71.48476692180117,0.5666588756700603,0
52.610552721798896,0.5197739485560177,81.11303611270658,0.4809755098790247,0
50.05113456642461,0.3370031764312863,89.60391364561609,0.2750212210056132,1
47.65412866624853,0.8288833658826095,94.2024173822941,0.5889043881719394,1
35.84629257949586,0.43088752366180594,77.85594720117531,0.9365917202741083,0
45.79354677234641,0.2487142725876299,96.36091566696135,0.2320472952405556,1
46.572854834732304,0.61714498660403,82.89240979393625,0.43316873079503515,0
41.97722730778381,0.7067772168854458,89.78321593682581,0.3660327489645628,1
48.387142883339905,0.16704190790094986,98.19426372005549,0.3905173229325571,1
54.040508568145384,0.16761921628831766,90.09633404716406,0.9267476415035003,0
68.8618590121053,0.03667142693354297,83.45421164210147,0.5744552433874321,1
51.74577812831839,0.7364020150656405,88.35585294111253,0.5730395303518551,0
52.57550390722764,0.6638045276218051,88.67455561191997,0.8084605139642258,0
49.25554084233833,0.4746308757498139,84.44983455176808,0.3235937632039407,1
30.812287847009586,0.8441704489691971,86.11805905999347,0.5898122832800407,1
49.73486124550783,0.8056701529500532,113.97970755757075,0.5439881712968477,1
50.60230209941027,0.5853543643967521,98.41379171911858,0.6775285524373249,0
74.63242112485287,0.8682712805132586,85.56779522956259,0.999646162600351,1
48.076390352188774,0.20584121003676825,100.45431606766104,0.8155591152656376,0
53.015473423336125,0.11191961939772788,84.99270765365985,0.5182925624139418,0
49.65288230294757,0.2697496115169896,107.59686956379961,0.8620424418192376,0
38.31321962380468,0.05708685608931485,95.54463288297141,0.3365666906499841,1
61.42822814515021,0.531169528001032,88.39046783993656,0.22437094904716812,1
57.519330326867745,0.9366056922949615,96.71575388715416,0.3635586979714185,1
57.910319470430466,0.03934354066850965,66.4368577189725,0.47232924489140776,1
40.906125452052606,0.1221099140100268,73.09848796635292,0.608464605967648,0
64.02794310936099,0.4521990282834353,72.09112490401417,0.6921033124329599,1
35.98148937207719,0.9338750175279049,92.1441464214556,0.9284845737715375,1
55.868570938002705,0.3161561049767505,115.98772499227638,0.6078832076403662,0
71.90455625809979,0.5072348086883924,123.46950219288948,0.6010205157005835,1
40.09463674869312,0.0415728590503921,99.57076652161136,0.24019440785838572,1
44.33702270397228,0.14834320096208886,97.51266712416685,0.22792924212497906,1
50.99651365087641,0.9866301229588469,62.984133987708915,0.6409279695330976,1
44.96524345883801,0.9651186964360455,81.85989300398967,0.5505428905986756,1
34.493365689338674,0.004939980934409616,78.18324372137641,0.8713443159842389,0
50.68562974806027,0.951811785423239,80.68728602623327,0.3285436677694762,1
39.37696286273895,0.6391199378155004,87.47784272122816,0.2199773296936397,1
54.73592430635182,0.8679182945200221,82.91864133454308,0.5592310143441007,1
40.80575765766197,0.4547398556338591,60.310502844363185,0.389982845401806,1
65.4993440501754,0.5155960285792502,101.218653841763,0.23969149867106998,1
42.16746707663763,0.4888465802569202,73.9088546139029,0.7796786294781033,0
46.77938483794324,0.6668642575461043,93.58870296166724,0.289274399965798,1
58.135172173696695,0.1396512547563129,121.1112400462496,0.6866556000062174,0
37.69135683566045,0.029973589872677953,76.20923112620365,0.42483980013351136,0
52.27459934604129,0.3079299415911909,52.04568715880505,0.33879684028401763,1
63.07142754282428,0.7046807627366467,85.70993667179833,0.503801218335454,1
33.92516765438772,0.20185345212294836,106.51439452497857,0.841156620978363,0
51.84633858532304,0.6734324333249173,119.37521181330891,0.5136748615236582,0
52.598827942484235,0.9699120461072704,71.55675608321374,0.8006157193688446,1
57.8182287177731,0.09390071578941839,97.45048834854782,0.30038903743932055,1
37.63049289121918,0.6726021182251263,83.0203431482992,0.8182171357320633,0
36.795433869157236,0.44375021930457115,88.41077468543797,0.38954665992531895,1
55.21941565616898,0.8681422543775054,129.66515020525551,0.7419145039110984,1
52.96984673233186,0.1771497894473859,67.4554450740727,0.6526252438727971,1
52.504928503458764,0.6926259522261645,93.8060949224186,0.9433157737693498,0
53.46448209496975,0.8381152896481102,97.01539757648149,0.5098580143802512,1
43.19975278421509,0.9446142194740232,106.2867948740902,0.2529321510675524,1
52.322536971610035,0.6832480282896458,91.46974730206342,0.21532438844100232,1
52.93072473298681,0.4971747640084273,94.62075809256153,0.8614868487782026,0
42.85648581973632,0.6178472402012138,84.12527148867314,0.6197885101291458,0
68.65774511144757,0.8689049844787182,94.0369041186766,0.8201952414679594,1
54.73832920911788,0.5706097466388297,84.85211586753884,0.38754048000921176,1
38.08696502797351,0.03038705969683686,99.32357834784077,0.47606699641058703,0
56.5655360863383,0.9309486955069778,84.45584495934548,0.22408309776905516,1
40.253183297726785,0.6895267510315611,95.6565059085328,0.9691938596592897,0
57.87084603742452,0.6765133857772465,89.56105779472533,0.7342943253606509,0
61.58595579007404,0.21567515239771717,106.89075376158252,0.9465640702074449,1
41.7931768164829,0.6588854702326572,89.22909414617271,0.4123971259432579,0
59.63376129244322,0.3938644056541585,63.40451297689678,0.6891708889805287,1
54.12780926936498,0.6512329770414921,108.92882251070988,0.7427999746341103,0
58.2206015999449,0.10659303030799072,76.41401548706071,0.4540397602060708,0
68.96792982653947,0.657845304603036,80.1935049202677,0.8784873880125041,1
47.54611883997129,0.9994137257706666,81.06508058934762,0.9577291703201982,1
42.4626383564251,0.04821203886055603,110.61657139756227,0.9078840941568036,0
41.10485570374477,0.9771741842213173,57.96488679031957,0.791253580751498,1
41.841897150345616,0.4069079607228706,137.0662280048999,0.42197174377996327,0
49.228982905858956,0.8707534503372591,105.84085213599077,0.42529283368450543,1
53.41151974816644,0.7823854840582735,93.3485837119374,0.9706882563568304,0
52.766907993300194,0.5670162609866678,89.1765899907557,0.20822759674855362,1
58.27183249036024,0.7384492092513265,94.28331112286486,0.7728399785937157,0
50.13001891877907,0.8785155613013479,97.81683642569007,0.7649969300442099,1
64.53534077157317,0.404140321651033,99.67823378925085,0.698151632759838,1
47.35343166762044,0.3270331615632387,98.33406699005172,0.9920870768694927,0
77.20169166589619,0.6675933855635847,91.34371021882873,0.4495035486109802,1
56.25667347765006,0.8078459419412586,87.03992369539012,0.4719774910345986,1
41.42842443583717,0.7622851347766157,87.73090074519732,0.2631515223572445,1
39.29107501938888,0.7978136488586345,87.07637579470979,0.55423850923499,0
54.824724152431855,0.435583314812933,107.00655145300597,0.4088388209878785,0
47.76537214674149,0.8178342161750216,98.90335083421293,0.4747093617421154,1
57.14000494092092,0.12020905537060844,45.8941704800358,0.8676574322045021,1
54.73237624573545,0.5444890979608495,99.83851164794642,0.9483876108219966,0
49.271710873431275,0.0057586604981215705,92.92104292078162,0.3485864576041485,1
41.532062819315954,0.3245858299002703,89.71936865331153,0.49800714524277273,0
34.851527753141355,0.3664615348713979,84.17222320366672,0.9429044496923153,0
45.53485047932979,0.3961726916092554,106.86169079979021,0.24944676855137812,1
58.56398794323472,0.6954672066898622,104.21289693184286,0.27388842248910283,1
52.14093744130204,0.38855810127034573,78.40683498264586,0.3302327913649835,1
37.542612212880115,0.44869362262253065,96.10578430686803,0.6761702673014998,0
51.73180925851182,0.23754413087432746,75.42514898188071,0.320377816804798,1
53.85317379728837,0.3732517916293401,69.30572752816605,0.9744611051605869,1
41.16142563798867,0.22726962726315147,80.59924163115052,0.5573716218068163,0
51.53725105945528,0.07319592376844364,102.93590208574138,0.6012143682801332,0
50.58208718446,0.6034485933813779,104.2968756806413,0.3973268926443252,1
38.57029702169377,0.6682127985550163,97.6962813014594,0.5767682019477869,0
53.577873603482836,0.6194903460096145,100.87643680271995,0.7295309061096094,0
55.60784526368234,0.46349404380057235,97.74267430672438,0.8009417095632343,0
60.830512431752766,0.3797857801792298,80.37777607165572,0.8030944661679305,1
60.53802052034903,0.8633336495718252,96.47883817010911,0.6623128901552706,1
36.22330632042909,0.519081785136218,102.00614287841523,0.9234878199950858,0
40.62174960084877,0.47918187762973097,101.31436994720362,0.8539262778448875,0
55.1503526720866,0.025642065806435688,107.83370057211964,0.8056384917589003,0
55.13785950912209,0.34124782762615635,100.62455770801596,0.24448441734436852,1
55.150476863060476,0.38019561878585706,95.27172311312374,0.20550236977571945,1
88.52731490654722,0.3988227808969005,106.05225357474642,0.36995782175637837,1
55.70890510693167,0.5801723692273323,89.6021811112641,0.7308188751307618,0
61.35565640180599,0.5336025467268785,76.77188023158423,0.5289579911060367,1
59.54001763493203,0.6079050927934446,87.55399554084354,0.5219250074394495,0
56.51391251305798,0.7648832615421283,78.82646032790326,0.9076695105836909,0
46.84730755359654,0.8129857387160935,79.87232587538428,0.9164502785054711,1
57.589692204932675,0.7181230762264944,87.83221993926723,0.9273402112428686,0
42.27174785462428,0.9555236959549347,78.11370118500058,0.45110246121202185,1
47.63181393259991,0.01823258267636163,85.38057705541439,0.7528446501914094,0
45.14636452170897,0.1957779856835461,61.59577999569321,0.4173065450194957,1
50.81874139386323,0.00756287497814212,93.19940561059408,0.3524878664595599,1
73.14658566673509,0.647474714154603,90.01808213043337,0.3477059658778954,1
31.32734807408252,0.8980305489499869,77.74367053397714,0.47368609669087525,1
56.86260190374514,0.24348229657629927,99.88868502648607,0.5439660958238575,0
33.87284128810349,0.9270345447963066,104.06355206439838,0.8647593368440547,1
45.280681342105666,0.06026739028956085,65.88660203446538,0.2959128747781697,1
60.889505969673664,0.9344360268055143,78.55912832150679,0.7879406779159155,1
50.64280019095463,0.3516226872396344,78.46286475319053,0.6251639313514443,0
39.22255222070694,0.10142082844921652,75.90145348336704,0.430356274140794,0
42.84696290740032,0.48587175918632564,102.44212262897622,0.5942556676262597,0
56.79597748934676,0.25677656772050794,87.09260791840795,0.43995365582161816,0
42.69633368282864,0.28487290196192283,86.03227738034084,0.6768655641906448,0
52.16458589581975,0.3072899649262866,59.9420645338987,0.5470751382841954,1
50.45571839903814,0.8030258978326634,99.53127045313839,0.331524423263103,1
43.483996523941826,0.5391612766752545,71.41112407719791,0.2932664596445574,1
71.43944089325325,0.31130769915600365,90.89898945399493,0.6373565456577042,1
56.33919022318011,0.6103337833109184,94.16065406937288,0.9219304266288828,0
29.74857413342393,0.7161506742231936,110.40987893757976,0.4751661492461485,0
51.86454314769428,0.27262400073353377,70.36769401321332,0.7864000857780986,0
43.38213535231612,0.4135491015253515,44.70731766268762,0.7269290839518137,1
58.52433334796224,0.12188609333694755,92.75774317130542,0.9452439314475849,0
42.07479261567299,0.18114934953468032,117.0076677226628,0.8567848138393128,0
48.85263558533101,0.6811178539649828,108.58419529409156,0.6532842071243704,0
55.049872789804574,0.18143834769562694,93.14489122911938,0.7256243985872859,0
58.657551941701215,0.5251633836670602,82.62545721551929,0.9187091732672279,0
37.997035929442234,0.7090462617224327,102.10683894955966,0.5196150276695479,0
46.654987641590516,0.10687692309474384,75.39680700443297,0.46143576468622194,0
45.25054688839044,0.5673122196289035,97.14536654034329,0.2086488669081571,1
43.46670767426288,0.25656278370136376,97.5820523874994,0.8612408593531715,0
67.65454240281096,0.9629268752375798,105.90314861248319,0.840784560322692,1
54.049817109609556,0.4835456467199247,131.39490058366616,0.28356361448012113,1
37.391160456649544,0.8059925497751581,95.88623950768151,0.6614859049061602,1
59.17861947054776,0.5502265421562618,82.36554561438751,0.5711853585335099,0
71.22156197012633,0.043412532854819164,89.61638531712008,0.2949672764072892,1
60.32465260551147,0.6331513755940223,63.46386142666323,0.9844545816485788,1
34.80630034045987,0.951403342206657,79.57930303366413,0.3717567099706844,1
45.15765927133749,0.6016118201463312,83.86076342830344,0.25378734407244896,1
62.669111491866225,0.8191888594267902,82.13867403098111,0.6758779036015277,1
42.92330534381219,0.8842064633484078,92.28532308050583,0.7910933417064261,1
54.43819428146229,0.22807977194893247,77.66370101426699,0.22595475683774957,1
57.74634053429337,0.21204483990822665,106.81546000986707,0.7269741109816177,0
40.730695284219166,0.6109809888509917,90.00310597377296,0.6258335007611635,0
49.404746439382,0.4110284698067047,89.86049518292079,0.28261200710003875,1
17.58732659930927,0.8398613028667203,85.08157925230623,0.3380191015570897,1
39.756123586657104,0.9000231233980112,92.32786025788468,0.6543794378528645,1
47.4743184860684,0.3534213793027181,102.37647397001452,0.4370860908106307,0
37.52216818035151,0.23687055897448206,76.9930467643365,0.9506525829210528,0
66.32411303931636,0.7805255152438618,80.12825266387115,0.8549921835872407,1
35.69858622039367,0.2748060355481361,85.44410956835003,0.9868537652109304,0
45.599555133030165,0.8226143185136784,69.81193614790178,0.4077366711603312,1
51.30740577286091,0.42373825364876283,77.71113210417754,0.9757789062383817,0
64.41273289066116,0.6675498992914705,82.85668689683011,0.5449870958332463,1
35.6413784882056,0.09553531383466818,103.11583771069091,0.4780150362510037,0
61.63163752154959,0.623859324676573,93.93841993502888,0.2402796215754826,1
50.10233061019587,0.4517676787372291,92.90384867051317,0.2422122062876821,1
40.18491348952049,0.5866084631754741,102.76346943251959,0.7536090047573238,0
54.62103474263271,0.16801420774486342,87.93942317400905,0.5663431955472223,0
51.9905969557347,0.7368737449441821,95.85697274893334,0.3812173008288846,1
43.99783122841205,0.8627970775432285,88.45167370601256,0.6911762450601862,1
50.69802084990019,0.21673980009077565,93.98043524099442,0.402286494600089,0
46.1468640313824,0.09571455552016173,81.25862013582626,0.662105403475538,0
51.13517345251248,0.023638586046336396,53.41774262585356,0.4873669975861523,1
56.62130674521047,0.641971500443266,87.98581256720544,0.8588417812894553,0
65.86016816145352,0.6070940360887808,111.3412220414991,0.8565569286134236,1
37.62184501173151,0.54669741271407,103.89323103362389,0.5818803184979211,0
71.33033374656267,0.23194709611597542,104.48096226886756,0.4806552874680125,1
30.479122004774982,0.39090599590551467,108.54196082709326,0.49004783724727563,0
48.482149049644164,0.594476335186173,91.32986386442155,0.8445716205345744,0
55.883172064845766,0.4967668588591694,92.95973561108393,0.4625435862380896,0
52.809918677350325,0.9877855202148873,80.73522156848475,0.3672474989654768,1
43.77300480179406,0.13643975255673313,85.25890715959426,0.2677506735002455,1
47.918777496427246,0.6951445540475938,99.23656724656712,0.5733544967075268,0
45.06999065341167,0.4043187681042921,108.05826655753225,0.5857056791358735,0
44.106352430557884,0.42819961492561476,87.908305864785,0.8727269683223258,0
58.496020970210246,0.7175977656581762,83.24716102722883,0.3769909571568512,1
53.57015485965047,0.6924361513243696,90.00791938284895,0.50479301893472,0
43.070904047393455,0.9912559937021883,99.01810123393672,0.8467245911149528,1
58.995998754332504,0.12839428945412523,68.34217775799686,0.8588988885991788,1
53.072995208766095,0.10410964938416634,55.55728570294143,0.5076888607830146,1
58.1286211883896,0.7243388171287412,81.74194725762625,0.5672992186293447,0
56.29628841923612,0.5783869170064091,71.68931361128762,0.4426287126794264,0
41.710049890779274,0.27416066655980587,82.37789703529033,0.9460439027354497,0
44.39818959803031,0.0794193689889866,87.78329521773793,0.29491501259326425,1
57.472936051232615,0.08565824959643054,83.2012738646548,0.946999538401176,0
56.10370265433465,0.8941908746641183,111.78701301706118,0.7470931614682745,1
49.79098406035852,0.1918673247187429,94.90117146903481,0.6252577221493849,0
51.17327383308782,0.32337156211552076,94.50711539416243,0.2261272486275967,1
62.77664895788425,0.22665640222698802,99.33310716065102,0.5804769534576066,1
44.0842861116417,0.3549963058319373,72.91750323328847,0.5261984840021858,0
55.470973811700375,0.06942384274609337,105.58667681130403,0.32897504958009804,1
47.97807347566106,0.5190597909082704,88.8635357019681,0.7251276828005255,0
47.8231879677278,0.0676125635922149,100.05720925861819,0.9769207258946286,0
60.9877685198719,0.8003565078223616,73.92214150439767,0.64975104885162,1
58.2541634898803,0.23371208191043302,66.69361850975903,0.7718026211551567,1
58.135096360006386,0.5400119146045106,102.26834487037543,0.25476036205281344,1
63.05478807154329,0.8800790875614583,95.64614289146274,0.5341335966535958,1
50.21003841632759,0.6508773690471942,76.46922668463735,0.2930867881315967,1
56.81952971294964,0.5329577865513353,76.95505378087958,0.6902366684292083,0
46.89733243406544,0.3243337531153756,106.88152176622154,0.9507857265713238,0
53.24166352488442,0.33300191305819793,72.15882160699007,0.7294221859773109,0
48.698569456323156,0.6694869551981901,114.64009429883944,0.26144243865153727,1
50.96995964992718,0.9941393612211675,76.49068898028197,0.4837329639880663,1
55.95157025436914,0.6618391898493786,99.57587888412574,0.6405307035526813,0
41.81779316766527,0.5577834173700249,85.07072286376523,0.5225662049066018,0
70.9238727568546,0.7306505102392461,99.04781146623515,0.8669152083801379,1
39.93982618500298,0.46520561228371815,81.83828996828711,0.8517368037679913,0
37.85811387212268,0.060142342600785215,87.55810640891559,0.6894648160825771,0
61.581108735000676,0.5622968158779098,90.61378763093582,0.4987663561061642,1
57.91662693962936,0.9576252845053802,74.96718816327791,0.4042690990105953,1
56.24119817052155,0.17530294235765964,101.11236518130188,0.2846994545705035,1
56.2834550926428,0.6900048908206657,82.30179650292622,0.4839181467892433,0
49.87753227153085,0.20093368865905648,86.57100126989972,0.5305380137661757,0
41.02745628514168,0.5358276844730813,75.08475938087231,0.7406583400832589,0
50.75804558193726,0.09667644964671962,51.56499511807034,0.7265278594380589,1
43.22838288487888,0.45037093625818514,87.13458356099747,0.25608651171300556,1
59.75119733417751,0.7561633288952461,126.18923132419374,0.5162074523449263,0
48.52942618497861,0.3475715242389821,101.76906431847036,0.3454230937738896,1
41.745028032074885,0.664911724487218,89.71109430398408,0.32545016425344453,1
46.78614158347007,0.7954499607897292,86.05663756187599,0.8618417197897967,0
54.12931454275624,0.9271778194794527,90.3369883921807,0.23353217337300602,1
44.36275447196025,0.23464208185545354,98.20678672762816,0.5353463007216971,0
41.77779604433569,0.39931591580930814,72.28780777036732,0.3345629246132146,1
52.436872114919126,0.15241601333041743,106.71482542003308,0.9034641725427792,0
52.44966571108723,0.9924835021583752,100.73071973161866,0.6456324106200282,1
44.9305682462887,0.9270009679242953,100.77278588561902,0.3851045091014784,1
45.289616943816775,0.5399571302805596,96.57713608214591,0.6019418297331012,0
52.32049937357636,0.8420332943764213,90.29424986540985,0.7851890877624927,1
35.51915658502676,0.5209579772720422,100.09291853950229,0.966494407135547,0
35.92536225623445,0.6235856880027597,98.87721200612067,0.37635680339633515,1
42.81555778747564,0.08912443211601662,84.68938933588464,0.9089454177034761,0
47.86552848288153,0.7552704204968079,81.39597340654649,0.9474432913339923,0
53.10907565598005,0.12771348363523483,91.5278444289298,0.9331364356256531,0
64.75356216949552,0.8260676302525284,113.23530227242782,0.708331485489528,1
58.576596232020194,0.7820280876703859,71.4133938651915,0.7038565235477663,0
48.40061470036573,0.7087446977429764,67.98712101371339,0.5225685065470582,1
49.80983792097311,0.036160380524762115,92.47141261854775,0.8019183058430304,0
39.97470635362191,0.3031283559453286,90.76331552784028,0.6250352146807456,0
49.8148686400761,0.26311256991084286,92.60012496555612,0.7419504569826356,0
47.11341361079862,0.3601364074715191,93.6592979686275,0.5427663230790364,0
53.227185603380896,0.08764274676383854,86.65196618047793,0.7851971712345114,0
41.727690564476774,0.9369578230310628,112.34795157903123,0.8595772140836393,1
55.193465142411725,0.5538022407123763,65.98644032285227,0.3171490052822529,1
65.32738913002578,0.30552431065802355,77.57254462829631,0.8663437724593825,1
48.91239851543143,0.3969815170742834,88.45117859776428,0.6322372254322458,0
54.01711722098941,0.44720254050483565,65.35216783268748,0.8757327272721795,1
56.90143991711113,0.6005943333606173,87.36218393351893,0.5450413650728116,0
45.987795281141636,0.5156794276964978,114.92205248592028,0.503232388306428,0
52.24092481810417,0.9193919732144173,90.31329732443943,0.9320485860137779,1
50.12592400781795,0.49696348290583026,93.46051358578025,0.40093541403872107,0
50.97676098548832,0.9921580148233127,71.0975285224113,0.8753698602289146,1
42.26990216144534,0.8514249577450957,80.75457887940783,0.5872164580075233,1
50.245101742589426,0.2085105143573358,84.37205429514094,0.6112763540410078,0
54.979982912454496,0.9305952146439163,85.23427354865649,0.4467746251915872,1
64.51143607795042,0.11636639788547609,109.22465692505654,0.6584337604952126,1
59.59270826085207,0.8174497084911916,98.36536591087687,0.46016895702096905,1
71.53182457511556,0.3806232934765801,73.32813064594453,0.23141553139332185,1
42.326524371119504,0.8779743204450695,93.69757167648007,0.41759888427548486,1
58.723206367206785,0.8680566901074503,97.47332622745178,0.20510323472527256,1
51.83342005738352,0.8059254001176211,107.102235577819,0.9826838296454854,1
71.89802933217672,0.7900304363070614,113.70811029852561,0.972597767855798,1
41.91701714644849,0.3046791390980408,74.77358712258197,0.5161242379778441,0
41.602781578192236,0.08091928305125218,77.83713733184493,0.7826966834717168,0
44.00607354555978,0.40298017876516146,71.13633211628076,0.47664487872834,0
28.76104275690193,0.17352451498650867,86.48970211339528,0.736874525668781,0
44.74244978319239,0.6949510889024617,96.99537561669501,0.8443440344367834,0
42.40867338446302,0.34609972653778553,104.81001774883653,0.9574049957537927,0
51.50393786476208,0.9756102008599149,88.86073464536216,0.5201698206797376,1
53.41755975777159,0.640972077345332,85.20228715117734,0.8266383863648381,0
68.76170839215887,0.822480563634361,92.2763698837311,0.412742760505695,1
59.5042383818605,0.13252467274184843,77.47285647554966,0.9922658430349187,0
44.23096344337597,0.8620144822726226,121.3430808254216,0.22061567901148094,1
41.01585328651642,0.9227571905133943,65.88508459322912,0.6828230452008968,1
54.919191715065054,0.4870619188189359,92.77110868343587,0.7276047853210617,0
36.797667929793576,0.6062529377509774,120.35409328844459,0.7504364456593031,0
68.31458765854353,0.7648098009029954,90.10199766839996,0.2963100630312712,1
61.79440120721287,0.17483862726041255,87.14941447497759,0.9508238267785043,1
45.30824347895295,0.5025660764634424,84.6383186578436,0.34494662324006625,1
32.868654709091224,0.3986630277723131,87.29412477356388,0.6982027225918729,0
63.538723741654124,0.1463739921622491,110.59272712014796,0.37814086329846797,1
48.85460154747382,0.36753442229153144,56.8220713300574,0.44577313361701676,1
62.378163119734616,0.06817230938549357,113.00150551944489,0.6371668333824996,1
34.05572341205633,0.025811906949486985,68.64064271324783,0.5337547348516611,1
44.00624977046227,0.13516628915482276,86.00021506148377,0.32818048078120504,1
50.05243699718183,0.9631151115891738,83.56133369552008,0.3367491219366786,1
50.46980593764742,0.549529535895017,98.8282990465608,0.5345158305302398,0
45.49934528520756,0.96582216115322,66.02813472174378,0.8058263826204006,1
56.228499323474985,0.432497878330132,96.93258999122914,0.9183717174782309,0
39.32379570617405,0.3118161330852596,120.36464434930278,0.2673021298075063,1
48.576205149787064,0.5061418628402441,69.55238993110784,0.5144831260475209,1
51.20295631711899,0.4395116886329101,92.84559251415594,0.2801964509783013,1
55.14438834058749,0.10566468426174391,80.07026733305086,0.21327398450607832,1
57.1161487808889,0.6408263146902062,96.38830809289554,0.7293749461151653,0
38.75357908162131,0.2160381825095996,90.28721666123629,0.6819595535732703,0
34.65885829264378,0.6195879548978296,80.37769636433535,0.330415291051909,1
62.77676821898509,0.6502010923981534,97.3180842730661,0.3870502664744513,1
53.323140119795916,0.1520248531286481,117.06522164680115,0.21896620291561472,1
42.51513463443446,0.06134962711066816,87.13644312409052,0.867957764555523,0
65.51151975522524,0.7807615860684398,100.79636913222274,0.9797524768388413,1
51.156746342928585,0.4598004237693202,70.60090563193255,0.3083676294357527,1
61.792971840638266,0.05816379550547579,75.65345434772986,0.3851801710122385,1
50.67518481410109,0.9948663171697671,97.08609416820566,0.8947276191575473,1
70.60747924881987,0.05778056099636664,112.26174042803947,0.9411710383649479,1
67.55340842443204,0.6950352288585532,95.3342002317849,0.5357019062454482,1
47.51035851520926,0.9836789252634136,85.30412954215268,0.2404979778152593,1
59.71570950954356,0.23918010421592562,89.98937108135031,0.23151346695425554,1
56.45375949585147,0.14224936868719618,71.24388399045424,0.6591598928552084,0
63.68631557532349,0.1213849394224289,99.0677298953305,0.5143160871145432,1
40.35076539419896,0.30327514756759555,103.23499593485114,0.22292194206212362,1
56.86051459998439,0.10104581101064669,83.2186450075038,0.6666019138500454,0
60.58424486849588,0.6921613416941319,82.94936778360747,0.20904202927121798,1
32.41260513576886,0.06229179813006269,93.98817344478073,0.8298975665194184,0
38.16741487334225,0.5094221281497897,83.44920395939107,0.44514625816269726,0
29.607678222398995,0.9966968538529768,89.00801078061266,0.2322064024073857,1
47.305931655554424,0.8139702695060188,121.49582683749773,0.6706817767865227,1
57.17542255795962,0.6152194382310109,86.29461448881005,0.5181475315464438,0
65.02357052096028,0.30625362078661167,84.62489771968167,0.9790403306857196,1
50.74094780419775,0.6238958362916385,80.28687291547261,0.6353589300029618,0
66.28615545571292,0.5270414639116516,101.16287957249905,0.42019134482960663,1
36.198985417851084,0.4260833838903715,87.28163740172846,0.7675510917071799,0
32.96617560644845,0.13071037674019947,80.25940442517862,0.4171936020341691,0
49.44452301103381,0.8866042152404667,109.81956048409518,0.9233946331260521,1
53.840654489393074,0.4497846488213225,111.29404506770456,0.49977757640590115,0
49.67305251905907,0.19462251182076507,80.99364651391943,0.6398948502209643,0
29.325578999601234,0.3677593508772896,62.00190072959076,0.2404584830593831,1
49.10879960487212,0.41412975252892703,105.11270534755383,0.5408969903617846,0
36.95530499495147,0.8275378955668743,79.73055261359994,0.8658908317287961,1
56.69672548830039,0.733614380561402,101.85938398744153,0.8445190442906736,0
53.66598246096848,0.7693048936413398,60.44844273432247,0.379454847082821,1
40.60120213672645,0.011031264428647214,103.38896007448963,0.3808632568084502,1
44.861330826633065,0.4161539981797615,71.83242106078828,0.8538442497705894,0
39.40786478111048,0.4813441516353236,100.96146178599787,0.9443187361354604,0
49.37320902726828,0.019192276823056686,90.21409601754651,0.27628873701840284,1
59.551423205012384,0.2598132087450342,75.69090870905033,0.5600469115409803,0
40.14273953664456,0.760289823122135,83.8944553060983,0.4699634231713832,0
55.040465155178445,0.13710970572899905,100.29477685435052,0.8965507643659516,0
44.69742381627559,0.5353101314525917,91.58841679672851,0.266819931744015,1
42.07127167737656,0.2152018720172375,98.76619470708727,0.36890075404642997,1
48.929696400454425,0.012120774643893273,119.64660876773229,0.8019746700691954,0
39.64757677580626,0.24120145759954148,66.53637582433423,0.24103507918497247,1
44.46350694652818,0.9758737549100538,114.25818862452937,0.5940283045714314,1
38.021221074111516,0.8015371118829896,91.5653390628482,0.553685627743776,1
69.6472513291639,0.9595766443210334,76.51823927515308,0.46752094319099896,1
50.35263551971729,0.48785404392636245,70.04529561391516,0.515657852255139,0
43.00274492007414,0.1097361986775035,87.1631941383445,0.6239524695441864,0
52.13979910734222,0.547959488973693,103.82475167886689,0.3290938867107065,1
48.8767195030917,0.4543773345599609,88.08676319433698,0.6575967026268743,0
47.79030400466777,0.844357082739616,112.66732395371021,0.8443458634399892,1
56.14166700043425,0.09808258078424459,68.23236464922661,0.8081287438321272,1
57.57507710047305,0.4882411370217782,89.81866578230918,0.32311992375501897,1
44.69498852389472,0.15004866469398426,71.21409833380321,0.3193995757931791,1
44.2418175935532,0.32467592689006,95.45447823937452,0.41453949419593067,0
47.24948302848356,0.7373570773877997,103.3033108514595,0.4888597810728298,0
26.98078835264415,0.47601812936876653,83.6885730947842,0.5267644651267861,0
34.84808937801448,0.37588828514576933,50.936792150592986,0.7437577734666763,1
63.66874267444525,0.3944762785700353,92.98422220194742,0.24534434573266833,1
66.44967713501283,0.45944676840598664,96.55107827600264,0.22773816338085312,1
47.50963960443622,0.7850165438370569,96.06442132442547,0.5135284503551272,0
55.765569630557664,0.8920846889402344,108.53673287733231,0.7577309537103845,1
53.112501545435364,0.9553346865039283,73.93419480526427,0.3547482743651861,1
80.78880808455239,0.7869033862552951,100.20324158175674,0.7132035850050014,1
61.195749114345766,0.31540689574801273,107.88761268716962,0.4078625103522396,1
48.72082408519233,0.6881347060865421,63.32118623990225,0.908868887050813,1
40.44459559399574,0.4376031240553919,94.79477738878465,0.9165519554132933,0
33.93553679742428,0.2546706220460512,82.43730253488492,0.4378297634250612,0
52.03463635867223,0.8408715794259226,88.77715990347531,0.38399500317059243,1
42.436492547156966,0.038426348962324997,95.21514725307505,0.529043177652985,0
35.77746290402326,0.9017619921354235,82.69157153829671,0.392425268144119,1
43.534271157574736,0.46147746462473416,79.86437881257582,0.7379070746333629,0
39.18451996385605,0.6372014768082804,90.51228626232037,0.8608517476386284,0
66.87141635072564,0.6593539222057827,73.69131091705796,0.7384737047289736,1
58.816397569494505,0.8951177407065364,73.71262306672222,0.8594803577994796,1
49.92027358683383,0.6366696821672073,100.19059924434755,0.5175937297659794,0
64.79944138890026,0.6139335847600618,72.76808947262016,0.32505357656708866,1
50.77368307647618,0.06665204056068996,99.99468751363818,0.7903607579180738,0
41.38715798671736,0.5184080219452041,96.93886939280927,0.4883796041132431,0
65.23124077269657,0.15016900081704165,64.11289906814105,0.7370166601833061,1
55.38910043684659,0.7374337687214856,79.83653021496517,0.4165151535854126,0
39.62753845673544,0.5122219208126745,107.91164104571058,0.26498370784533815,1
48.09661321916392,0.6802277792083533,75.28251703290478,0.9940654363902108,0
41.24381746615243,0.041672900602384266,83.03393606535919,0.32496120634447945,1
36.172002690356635,0.08479201604580322,96.93091339877844,0.9907367951707848,0
59.26177547531641,0.7163233880626823,101.75085763923893,0.9818239460531579,0
69.0941664047013,0.07208433599867337,86.22691670933257,0.8350544831264317,1
36.01432426180859,0.0712567277652586,81.03734707962538,0.7275383696655982,0
55.62969236690571,0.01210847523488745,111.33554792547761,0.6622456402008678,0
43.49357430878173,0.9565013982994801,116.08349495696368,0.8928812363022678,1
45.12874616235304,0.737508359459007,104.68287076172693,0.4315516172955904,0
44.07606075761131,0.35325140850206416,91.27977213847537,0.5741449699879017,0
41.36009230320184,0.2965355812876552,77.8760141753861,0.6955119754932015,0
50.48521627944827,0.34970322974584955,77.54333390165152,0.5289523806955929,0
41.69049883588962,0.7746535311811819,97.83771157898636,0.5419891632722145,0
52.704568257798385,0.6613706110704144,96.27597331333025,0.46422773400166756,0
49.49761890550863,0.18519556786746794,111.02397889419645,0.6513854533476289,0
47.6105195313359,0.17410933533408435,99.75675138804209,0.8804596224120929,0
40.92436337958402,0.09839564971339732,67.45379547360272,0.3612227024050503,1
44.23228669431667,0.6603027197013381,105.77921426584378,0.9475464310027533,0
57.55391225825756,0.7643726622217359,75.0290905902838,0.7512701229985839,0
55.009171876243805,0.265046428325004,84.24043092071473,0.8586185701440241,0
40.22444755201449,0.020944961030912812,93.75300309377542,0.6449525541040093,0
50.99332305429226,0.08217166747642735,119.93501234675946,0.8236133611392509,0
57.51387123371789,0.9678600348450305,136.6487783400804,0.21296031787157377,1
33.305947188786284,0.29544477747742026,99.10084588704274,0.8547043398236283,0
55.43360192379935,0.7692231478381336,87.25205071919419,0.23211108726829321,1
43.37376241054153,0.6246635688542638,98.01758472720826,0.91193070109029,0
55.70598668593159,0.3819396396528959,103.31483138810754,0.9935701977909146,0
42.367408434574834,0.2056872621955551,85.18998561664212,0.4352539697414223,0
31.95117899335481,0.12138641815940643,116.92817033868484,0.3682548450286349,1
33.72457562116837,0.6150129680388666,93.45106138787104,0.8122906910864327,0
50.48084946661382,0.774633780637788,97.46614633637091,0.4024210727362026,0
52.59722501721482,0.6439042535411307,99.98886378081693,0.8924499065377629,0
40.956833748955916,0.5303021332491583,96.32379915921683,0.2822740737259814,1
56.38592458777374,0.041951223431636264,102.58410750704418,0.30076415710348664,1
33.3847993773104,0.9684887775943838,80.74120220179616,0.9833212440804926,1
49.33920201352684,0.7987141916545746,81.62547369080954,0.7390711186160037,0
37.889838002375434,0.29282203670096474,73.49768650542458,0.8775097795431623,0
43.48163892197841,0.9799703293588506,96.59251845930339,0.45946350188121443,1
50.47398671316414,0.6018815896363221,101.6840475526817,0.7411869996164835,0
41.39586634716048,0.5824226582072465,96.86659299227829,0.6753934618468778,0
46.154444557701744,0.7480731794295321,115.11738650021306,0.6825200960983576,0
60.0629280921444,0.8117697880901376,89.9160597175643,0.7460259676301773,1
44.23108130476851,0.6564786073315027,100.03112483388769,0.6602873385032788,0
58.35692112065142,0.12809574636620003,73.62448685791028,0.5432498954421328,0
38.702931453423815,0.3382675059944984,84.19350446288398,0.4207381555044375,0
55.298041779152825,0.9280836403260497,100.43306636348666,0.8148650647305618,1
64.41568620657901,0.22461561184385193,102.73653166114715,0.38101794400254896,1
25.283554998727105,0.3721670238375133,85.59049578503726,0.7538834449235314,0
42.03104744529523,0.432076882944196,88.92601122212899,0.3866662581194613,1
55.7707212718054,0.4394049896944522,67.23189379978785,0.7002641359635631,1
47.96954613957007,0.6129395824945255,84.64456198790086,0.7976626137032232,0
53.71145873371309,0.9430758377447076,103.35574745279679,0.3749711111252314,1
43.960148132841795,0.24069271183250496,98.6280752415985,0.24795464068904663,1
50.865897874729,0.12150137630091806,97.50998582071814,0.3047789943953393,1
48.44322764607921,0.19747048985993731,90.7466053077144,0.6847975738168204,0
61.67782061659807,0.8869249002092695,90.10594737942264,0.8795571249805885,1
52.54420843301213,0.645810812655206,80.09518290789829,0.23599745698833952,1
53.37602662075202,0.28590678923916013,100.48242630303803,0.787321007233317,0
45.881230338775325,0.8159469389686173,96.31459416584084,0.47305491676004174,1
45.123937759275066,0.861369996363436,97.380282719892,0.582822695935618,1
45.67441812180379,0.846514338690278,82.1094773599863,0.9430876398764525,1
53.944521423782966,0.9189265336395545,57.69985620193133,0.4655772037886764,1
45.79015519179737,0.2522410201733616,106.45729067630543,0.5722695471515888,0
52.89774856896413,0.7550419287462783,82.81743815987394,0.2109459318085449,1
70.75400798645438,0.46053949727414,77.0583635393532,0.26527897600387074,1
58.711247034316926,0.8419985528900615,100.4021836787099,0.40687327290782727,1
46.73976467832159,0.7284906771616132,84.11981040121306,0.22228179265685954,1
62.012139221639444,0.7764474464997246,105.89904576069932,0.7051002608386008,1
45.91924626978449,0.6561618376810715,99.25508924365046,0.541118685441298,0
29.61875464822146,0.17742876946970687,100.25353984800716,0.6385161621824176,0
39.91913689082596,0.5450269188969383,69.51066433199199,0.3397177487170636,1
31.292080789741444,0.9846697395245082,108.179159780796,0.4367456235492929,1
46.48486515958692,0.9373880664971189,93.91875796850785,0.7310595798821802,1
50.184183791895514,0.04317373579701167,84.46084291130695,0.9722421789043199,0
66.76437312275283,0.16481481572943713,92.15082701013377,0.24033341888176737,1
53.269273737641626,0.1317287734545619,63.356471506525196,0.9123074566842129,1
47.80899471191136,0.7259799099852955,96.12979217221006,0.6615049610489667,0
58.294055811834895,0.8177853298569451,74.55942737726893,0.651135653404499,1
27.88864690992115,0.2135113663106719,69.70994571234698,0.6002228281662083,1
52.356145581085656,0.505852692951829,67.16461220673163,0.25551526872334673,1
57.708651938869664,0.8407030280112,106.69032562484888,0.27190148138892856,1
35.214137542201584,0.7328015447662506,80.56104909460817,0.6807296045272688,0
61.43754043206929,0.5422372054918483,113.00591564874749,0.4727668571484467,1
53.38496407494414,0.5903476904587729,81.96297805421554,0.9338144532621446,0
45.847120860991986,0.50836054691628,64.3896306361058,0.5252724298875778,1
56.32781866106285,0.2975484513188206,73.2521334007701,0.3146251669621129,1
72.70692857804396,0.5650219928590161,108.53717430010408,0.7717750668016288,1
51.81866255058495,0.6888853020500907,87.66152733095,0.4346827371528079,0
52.48220586300336,0.8733229158608077,81.77569055264098,0.6203762458847146,1
45.40639100459756,0.6362913539792481,92.40027338779181,0.7582662284041362,0
41.50155630535208,0.761121537043158,97.52674104251318,0.9202112889616563,0
58.303358165442454,0.160071634954573,106.76098223853691,0.833752955841341,0
41.43916174091133,0.4615574744197899,111.7274884483939,0.7410888542981793,0
50.715662372193925,0.009331619827093296,84.60347031316371,0.743706545916115,0
45.223425532348834,0.24667886452162302,70.10928470876942,0.9567397152256694,0
54.78979825746392,0.7264617151130048,83.79802258315085,0.43665927799722887,0
53.33662105286948,0.9918099513493635,93.9042075987433,0.20088967535694993,1
60.375399442578995,0.0991780995872159,75.54361610684083,0.41756364751855896,1
44.89983601145253,0.40149431586128825,75.64273627657435,0.3743131037013952,1
47.30125064706629,0.8000709686991595,95.15681822324828,0.7294676680911987,1
40.21236284217693,0.20403563462889884,89.27021472644323,0.7069692798124232,0
45.55706739923888,0.5550849493022862,90.4919549311738,0.674769106163779,0
53.77300493044852,0.7330712960296748,78.62256997949896,0.21299475456756298,1
57.56988616645352,0.615985450260179,86.54398928691349,0.783022443560518,0
40.77834675822375,0.18802473461541613,76.13650283597543,0.45882432998839323,0
58.6960592010566,0.3553845686857394,103.3529761668718,0.732044791205305,0
63.55637858804951,0.7837917844853972,105.52874002085629,0.6452627428017227,1
54.13434903223701,0.5542265141320166,62.307182066428595,0.4741847403423258,1
68.76795812558066,0.005229613542912737,76.05733709711384,0.30766101368328624,1
42.26210800896427,0.7609907600280938,67.55206117364881,0.27553511812838477,1
37.55345296688583,0.03531135494023907,80.24964098389653,0.8652146664897788,0
32.212797510957216,0.7457337827312321,88.74843045314459,0.9347180336652465,0
64.96044311489183,0.2024805601652374,68.25532170452205,0.7198304374114397,1
56.54365656354058,0.9580734801193802,76.1721028031203,0.2827472918883867,1
49.44415329089545,0.3679407513020845,74.94063941877752,0.5216217735105926,0
52.799686263198204,0.3269316163380791,93.10900994098417,0.7831513600841258,0
38.74510952701623,0.14888805033244468,91.04016505554375,0.8238567072080545,0
74.45751979616827,0.3056042154902149,79.1739366999412,0.2945748978328709,1
51.292211819752275,0.8766507618282006,92.65231308209097,0.20002457507630594,1
51.09394794604893,0.9963343376272473,81.79979873119102,0.769709636704484,1
57.25766623898692,0.36830953050684834,85.9251733451092,0.48527694078896455,0
54.810092317367136,0.44861063095454257,115.10178135447805,0.40358506529460825,0
52.23884024279131,0.722070938202737,110.10691577685522,0.21031797583162037,1
42.09525544554688,0.8861957804650745,70.50628144608604,0.6322395254091997,1
54.714683571359956,0.5930443341867842,102.44598626818762,0.8809205883407853,0
68.82024496475034,0.39152569817782934,102.17094831737388,0.9661053170180705,1
63.454200461549775,0.41262184084862374,72.77605066871072,0.6525959604906314,1
65.93186626639397,0.6956181464968069,102.2816646563229,0.6115690621919154,1
44.88784323568815,0.0032182636042786816,113.06897877618829,0.2680451083913929,1
40.10395179741419,0.6195893374598407,73.1618279063338,0.6390982412340798,0
48.74213079900352,0.3554930104413574,76.23745768478605,0.5039832631723158,0
50.557249122886944,0.7941973312770843,105.26492200265254,0.6857082247068615,0
60.94191518470949,0.09299063982313216,94.07242966238472,0.5109810783012374,1
33.07535370285181,0.5882022669483905,98.27214412859286,0.3922392987602934,1
65.29550319460614,0.48097288988612374,95.10883824600745,0.27597222018270123,1
48.419921014210104,0.6423255259052274,95.86043881392216,0.45193475567111663,0
45.7311893005258,0.06485359448296835,70.10291807533375,0.27731586743020187,1
39.87895624739832,0.5799837874281313,105.70976559932173,0.34151756065918715,1
33.451433281342304,0.5614845879595237,107.54384988641661,0.9898689268636367,0
58.231705839619146,0.5606600944161709,86.55913883897958,0.5552828455252949,0
50.73317967188404,0.6034876665964548,89.34784575279207,0.6254974132040132,0
37.10039100258946,0.6764679372263622,67.03338746166418,0.8988948229897724,1
37.04921227936384,0.8049889996807698,97.71382134026753,0.9964551203925502,1
46.64215300709872,0.26982072012821434,98.58086162571216,0.6661715594757452,0
66.69021525289392,0.8250494101800621,89.06713474501034,0.8499790568353374,1
47.40408648636395,0.4982556822634536,106.86530039805754,0.46155281946934024,0
34.96857046881894,0.07705827913433116,84.98884153530089,0.4445951659578329,0
47.54256935914056,0.0585509292439792,98.469088888404,0.5221629767956482,0
47.27276430252329,0.3342383186960608,74.70503491961827,0.7380058101389193,0
23.031133570584284,0.7848969771114676,89.64671773688643,0.7457533514040791,0
49.45705133482188,0.7076809347409158,87.38468613145746,0.45219154771956066,0
47.69065469791322,0.7886149646724064,93.37961883061412,0.306567939309303,1
56.96206364813418,0.5172690564416094,84.45709606749962,0.7059170051724069,0
68.48956094945345,0.44019899795549056,88.02791106492498,0.3026606897510116,1
61.26565029547757,0.14745252670628395,102.3907075716226,0.6627940065834641,1
47.31111309445169,0.32819275360931155,83.44853644142674,0.7547377024450472,0
38.934740912583294,0.43401936617387527,65.9013434889198,0.7604891971155614,1
75.7335980324986,0.08860042967961723,116.24375856308131,0.8027776885276774,1
50.59218434014488,0.22061195271121126,110.72181118035729,0.8982875372525316,0
50.13929291912946,0.5982252940637388,70.61605957341573,0.5999671935718307,0
49.758749128899964,0.7356631142391898,100.34561707867792,0.784199351623657,0
51.98084760767855,0.9983475113929496,82.45537844172985,0.6953381882926695,1
48.556395880760576,0.9331133313435577,93.9523082299659,0.34931195183814606,1
44.26337993119763,0.6425651995351915,94.4133619352024,0.22055171589552655,1
44.53141058759608,0.421248053294072,86.48388299525517,0.427633108541547,0
49.672467297840015,0.6361773647082327,78.24351501620406,0.5544269650700955,0
44.56575228866235,0.785651618080232,79.64188421525611,0.6936847555429251,0
42.871542173228356,0.11833619092338732,76.25712126778136,0.8799674644025643,0
51.064302276918966,0.40990488969628824,77.52266687654333,0.3569965733649325,1
47.450227825791444,0.8398022856356172,88.99232564925967,0.3004398319187817,1
65.0399298858269,0.383832951933044,79.26360016333872,0.9707839579794622,1
23.490301916069882,0.5718722712271865,100.2307809856893,0.2864356475011257,1
60.91506851922462,0.5877693608621982,112.30869233003891,0.5827928560857514,1
62.46085192497629,0.18447625313363936,81.29920137944936,0.6684509830346415,1
29.266097675918505,0.3622354416522884,93.59106750803066,0.6330995367259507,0
46.573124059196516,0.33451128874193214,97.495276654544,0.2688257256263546,1
46.28559134004209,0.026196708532064794,97.08003406378911,0.2456215312028955,1
35.924883052821784,0.024191763891355245,91.13932901874131,0.28438674196882857,1
42.22183312409125,0.8316970436757735,101.14023627539584,0.66847014709809,1
38.894241545341714,0.2730708099728124,97.23373429020985,0.635475910107457,0
67.52270443423623,0.5180787662388154,71.43506366509052,0.3869926336293954,1
59.35678393147461,0.29872557358877305,103.03734096583909,0.7102193134764734,0
62.71555094994159,0.9406792451153405,103.30936255900113,0.8560540016445195,1
57.21672064043235,0.25929675886577375,78.55070843732128,0.23326316787727502,1
38.70948228782771,0.4296568127389351,90.56906753171403,0.5985039548384339,0
44.75479733720226,0.8727302504846018,100.24993489216604,0.7514483296821524,1
54.89374561227918,0.8419335667918086,86.86029270630958,0.4018495416557497,1
37.778721911080545,0.18610141784627732,106.09467071649019,0.4462167242345193,0
57.12998430172388,0.8026433097957104,125.45808741929042,0.6909103223915071,1
47.59674601841865,0.45818688673789265,78.21020951047527,0.9183482347549896,0
46.251791924504026,0.4829688720853552,69.28433095269338,0.8479395362423194,1
57.10959968203491,0.13347997241594378,94.55727893407314,0.6665041752796668,0
54.4426331148604,0.08060151375712465,100.82343757689215,0.7841773742057994,0
46.3903383418092,0.7279393069737652,86.53700439232847,0.49185797616623894,0
61.59329803364248,0.49646115235529975,111.79890994981551,0.7127724224790062,1
39.189366724001026,0.43685070261517955,69.92091300415126,0.5729452729020457,1
56.15935606944264,0.7295082286523967,100.39377934547417,0.35194890916604876,1
55.93101257968384,0.7655128989911097,80.9120876886166,0.7613906191018058,0
46.904535606860094,0.15890816766935356,115.79066859310944,0.6451717098790577,0
53.26133022242118,0.6102251494776413,119.88773029752177,0.48689726556287316,0
37.488864236146966,0.13535408227768553,78.50015118324978,0.9290713520629046,0
59.24027019206901,0.7513750860290457,81.7566429613713,0.2167472942613866,1
48.15097863557011,0.6569551562671395,102.89381830469702,0.4526185209995968,0
44.772769794809605,0.956614621083458,84.19304025315728,0.24550511822211726,1
60.49009225836889,0.06895801635642118,89.31883173101643,0.8132218529773019,1
42.95656309457241,0.05705472115125432,90.38082630813615,0.7616859632910342,0
35.91538703636441,0.28218707469320015,61.204902657035156,0.4650817749890537,1
34.433708264760966,0.26170568373590597,89.79243380858644,0.7405303217656585,0
56.06009951345639,0.24697879907199982,79.6540833890374,0.5167497809567598,0
37.19570647503717,0.9062545805210367,82.60315766400342,0.8050030331379474,1
67.54794181984364,0.2495461998495061,111.65448005203221,0.5633469301893649,1
29.18070592116278,0.271949726128631,71.15239658581115,0.5298237822653324,0
66.96456368290038,0.7593982624179637,102.19807780121965,0.9477839323906407,1
52.11017467202618,0.44973984245054,85.81555604502287,0.4007032799125602,0
49.032868881296075,0.7767105569551812,85.80359747256249,0.2963578719972524,1
44.550809131910505,0.06536615756438524,101.85557844077567,0.6676344906075666,0
53.991361143520706,0.4875711936733843,95.10076941853336,0.9754574498273432,0
49.62365297575152,0.03361360018328263,98.55919495829296,0.5022713709817493,0
61.03301882016521,0.06265320345535452,104.52276990799291,0.24962941090302523,1
51.142276486620396,0.906437453344411,85.03037425225016,0.471444213847654,1
51.50301761461878,0.13924537111759516,80.81644898238375,0.6047453234556468,0
46.36387787786144,0.5324206822752171,73.72274210163303,0.32953840530577094,1
49.43054376278933,0.41109560260070654,77.61884205031568,0.7264817744451937,0
53.07801768892059,0.3473433262588427,134.2364163796309,0.9981995112081605,0
32.89831607343375,0.8998333456872725,108.67019371105181,0.561391580785155,1
36.518145778942866,0.0218233967754895,69.73388450687968,0.48378284538417016,1
57.43264094022715,0.6637896861755891,70.16313064884645,0.5205633334675733,0
51.708654381279416,0.9633944342135504,97.22799092577738,0.29211694271616095,1
48.16016663647321,0.5601681834618419,98.2089719606695,0.906618881140979,0
50.184339330653934,0.9368224620330918,98.23325752976046,0.5318605244170815,1
53.47581705361671,0.05225787928602377,86.17566309669454,0.509819529139873,0
44.60240319690639,0.4187933190741614,88.1181860999565,0.7277522183443794,0
42.216952745976876,0.26015779096205116,94.91819286239036,0.5536267367448988,0
51.958452550976816,0.7308209649807298,91.28839509439996,0.7185867750462769,0
40.21627222384968,0.9812970904972467,56.71049440878697,0.24915703210463003,1
54.082527557144715,0.2565300624442478,86.55300554137209,0.8509786749777819,0
32.9741639576216,0.6541746014740745,77.22890348609529,0.9524031623035221,0
60.29155637325644,0.19809763275974013,92.62817128362768,0.7190123089275089,1
54.72597482413043,0.5653302545716099,134.77888503905115,0.9636527430870487,0
52.56029734313876,0.4639324866883362,95.51222498211456,0.32114585149597064,1
59.82690983945514,0.9720053296315371,85.29705470741403,0.581932951584283,1
66.65474444462576,0.6085272726964666,103.82702252965878,0.6814453871563578,1
60.1437006501813,0.3495063720868188,97.24031830813819,0.6653893179369494,1
31.591257686683548,0.11409578488793337,96.30141735677762,0.5211694232712346,0
37.204230332642986,0.15124682873493456,99.10275889823507,0.47046752749300913,0
43.75181422304321,0.2253169299512351,120.84815347244312,0.30145921804033504,1
50.26091050210834,0.250966661340298,73.03667347011127,0.5133939604498226,0
55.17659020469123,0.8506160578411378,97.10448115217181,0.33012865208438813,1
42.742561868465344,0.5612227882825249,76.10428305027692,0.7874925411937748,0
51.86766764477078,0.5233909113743664,98.33268969513372,0.367064748395672,1
42.44617067646678,0.11476887186921747,76.21970232770859,0.24685224422762708,1
43.884821970080516,0.860139693349435,83.73949779592374,0.6418929102537875,1
35.93338903151778,0.7228143032084837,85.5736512864314,0.6761837861755213,0
40.76766753889096,0.06766836190000158,104.63725079017064,0.8975304490244045,0
36.48315394383666,0.7078350972297687,103.7768166591362,0.6615852899341454,0
40.241267470226674,0.5435382173426461,71.31423935330423,0.4763846829787566,0
60.536417966078396,0.08172534574677826,90.82401166499773,0.8424095052210565,1
40.50601111168057,0.45830064152865646,79.3563021787624,0.6322231145499368,0
76.32382064837391,0.484696287130047,71.12242633986997,0.26342422770495344,1
54.93317900880889,0.16577454016327575,86.74474424363444,0.6526804482505973,0
51.84836123694874,0.9456981470002823,85.37275817316271,0.9264148363373299,1
41.41642219818787,0.8499753714806619,126.40074729518284,0.5170501003985765,1
57.003098794089915,0.6690223373291083,96.49439738041045,0.4370606415198401,0
44.24362173762226,0.4622955610006072,69.33573748868645,0.31477556561441605,1
51.220098146453616,0.4117655415845085,81.52838993743586,0.3211564175482859,1
75.60084538268795,0.6509734671509542,105.32074943144097,0.5462171874734552,1
49.0394010027535,0.5454318694069055,121.32664159304888,0.6765438593292237,0
61.49273326285676,0.062273105881885615,66.21025031643063,0.2644923241356814,1
42.96823574874112,0.5125026487703317,61.80113422291433,0.9516548712201327,1
49.65011509503038,0.8064036172328395,118.06447763057673,0.8041068939561569,1
67.7080063563551,0.45923987759695806,95.84421266056356,0.6692991346269301,1
43.730329422122324,0.05195657755426841,76.9756090218545,0.8627509367511927,0
68.12448557996929,0.7862781993840331,98.01943629183653,0.2641494054496907,1
57.07751935455475,0.2013637821359744,50.463783914746834,0.5814711021864996,1
44.37533224105732,0.2586208348880388,90.05063259895742,0.7040745014893308,0
56.32407739055521,0.1647063534322959,94.91731759264628,0.8629223248946314,0
59.7255444962673,0.33021506487149754,103.86405209306744,0.8267756480394142,0
56.21809962217196,0.756751505688635,74.79156071561194,0.42165539977071975,0
34.297752801095434,0.5193858595039373,91.28530742105039,0.9527041356473636,0
42.728628241751316,0.20488127415071256,76.11863060910619,0.2994766731446963,1
47.52481364448495,0.8778300781520408,93.83075633511476,0.9001068948969217,1
49.25566570899954,0.8795818549515292,76.56980516455464,0.976752199683695,1
56.206720975506784,0.8705784250460069,83.87848741259668,0.3417228185781005,1
51.777010009332535,0.23879621138153928,75.06276907814656,0.7776528513630283,0
36.64655641289899,0.4512393441809881,99.76704362735485,0.23222841502239877,1
53.801978510059634,0.9849896561408751,102.87676674984998,0.524338260111324,1
56.10585745283823,0.7720124763099904,86.48069145063879,0.6130266393581392,0
55.5979044793104,0.027167421225559818,90.57356992440043,0.6645161807277074,0
60.807807255546216,0.06520459126049205,68.27112878049684,0.9487497985988476,1
58.33922154548904,0.46393137681233276,85.50485027989819,0.7378005498353557,0
54.59180079228437,0.9092202058615602,89.24693074437383,0.5850223609753896,1
49.29834288541353,0.5387017979527142,129.31189636544963,0.8477400290127115,0
33.39039066484008,0.4978125080342902,73.32049461338755,0.9604262567635271,0
54.296182191325855,0.10547369995663058,111.96265858128656,0.2176529189458327,1
52.076876871631114,0.656780104724294,104.95288160198712,0.9860170178048311,0
52.715788371953735,0.8221031606002255,94.20954606735205,0.2689057112509443,1
37.232514241796906,0.38042000750756233,116.379307262927,0.8515094234150091,0
39.189434595917376,0.7756118509253275,95.58158208910294,0.42426780204113,0
60.53152853332904,0.9644766539008116,95.83738793501894,0.3057437262030974,1
49.60444846143345,0.2037664591276891,89.20319020473681,0.551884511771068,0
56.81500697372624,0.5233296311947413,108.35353323627942,0.715165263558091,0
50.28318376130461,0.28713795808457554,106.44703850716326,0.50476147601878,0
50.297561394957455,0.7928544190338394,80.6148406875568,0.24365232662615918,1
59.382838059759976,0.5775933658811575,70.21129208101848,0.6795689117269733,0
44.83955271782626,0.6345824175503038,86.95529043906514,0.9219226208885398,0
50.96120776940983,0.7979141596158941,77.9994215340353,0.5065722927578014,0
45.377247112949576,0.3959704726624549,89.04713138076967,0.37306622210466167,1
45.65503772567684,0.9150900684070432,108.56157202026209,0.5540618767462524,1
46.908278765313604,0.53302886724614,83.14047517369815,0.23869016883902472,1
52.22133771633713,0.157954822835348,89.35764928032637,0.85639006758422,0
45.212513783365225,0.6958991181688025,90.87034102212593,0.8610726487601494,0
62.55756125573521,0.7932613504382544,102.72646323307927,0.6704003707437027,1
41.05392697780496,0.31676167706752667,56.29665999023092,0.4824823111507116,1
48.13128355838641,0.857179256998753,80.89949557852054,0.8398266915566268,1
45.60268941725825,0.9061432547657664,93.16925538419208,0.6437496198306938,1
64.46977884353733,0.2769044873778089,108.00118434640292,0.8607458468400131,1
51.965547765115744,0.9835214727152221,82.62146328740693,0.7051670340664165,1
60.31844539468635,0.14071152804875842,61.85170940937189,0.827524378570238,1
35.14439626963028,0.20201566840248997,99.29567168949204,0.6788503945742079,0
52.67050265869259,0.18422483923802613,80.46956416761556,0.531312854572533,0
58.89630795623437,0.8939897100078704,72.15500011364458,0.96635668794091,1
50.82283989275424,0.6542925523249619,80.63481915430164,0.6328910599030758,0
60.654803750653514,0.15210428322227287,87.23211963516226,0.6840716148324307,1
44.82711549899628,0.440323418368349,80.92883003192681,0.3763901115317994,1
64.0934744018558,0.615298025069802,56.91650914351396,0.7005206315418213,1
72.9889812361925,0.08346408498938329,103.45599295330697,0.6572861195863551,1
46.37161439560341,0.8824163684073387,109.12312561918083,0.34787071835761996,1
45.54497478599228,0.8036035354415352,99.77282987009258,0.24766967788251498,1
64.533844771177,0.5052067735766382,72.93471494362775,0.6834874557718169,1
65.79572145730712,0.9671266152591704,86.97762699078723,0.8109538154802565,1
44.771399728467316,0.4177609792750997,89.90218027155812,0.6187210967376067,0
45.798131829041424,0.9841103190364978,98.98191584342865,0.3814181002557166,1
47.18215391139493,0.6679199988036271,100.02510733077122,0.7332175813544279,0
36.555494889657226,0.6346712732539415,78.98739301832256,0.2640845812876818,1
40.81348053515802,0.165954895295785,91.22993334620341,0.5534669638415637,0
39.95859233247932,0.881927758304644,96.85920606922862,0.33069340671873615,1
42.32202434895871,0.42748968792061515,111.83733483220149,0.3475672408479067,1
49.65315112613219,0.16223340578247936,100.56759809737085,0.36183515932656296,1
52.342147325365204,0.01260751997575904,101.83585031063278,0.5093656456351823,0
65.50500492814076,0.5597556836383826,91.25739941894041,0.24092016449631812,1
40.016459592612094,0.5273996221226763,111.15688717805256,0.5182347527432786,0
59.843223984765835,0.7193536223691586,96.14644193939246,0.6093659576917607,0
47.86011155774491,0.8902580530178021,77.08368134739644,0.5866354279730601,1
49.50536290347567,0.07940658464302952,111.05054955187786,0.5062272803224325,0
56.74819492166604,0.7314964903403623,100.46854908808541,0.8713172864566021,0
38.772779784377015,0.18741194409758222,83.35433968307277,0.3162613539364033,1
53.82409746184051,0.858177053157164,82.80760548901135,0.6045573950250992,1
51.66452208213056,0.8190635138616561,94.44863317711143,0.24963313356524344,1
54.92451264008149,0.5407937549855444,96.94777192901377,0.2569245431023278,1
52.89168643907818,0.7102427986233115,92.95938398446809,0.6590926797416771,0
74.55300139910895,0.3143501131837484,94.66963010164328,0.6528147399102568,1
43.62260015748684,0.47116789893281463,115.49936061864571,0.9024268102755657,0
44.690030449981826,0.8216368977104717,106.07314728352328,0.6462989405280586,1
43.76859473575236,0.4592651971732139,92.85953386897536,0.9678328163238803,0
44.44522880839745,0.3577982653254418,104.11965871151224,0.23895587871994384,1
43.62612872693482,0.4942124472502999,74.5121414470869,0.2784061478245929,1
61.89016531107552,0.8282492524372184,95.96890574920214,0.23525268925630513,1
64.20504247989855,0.33520804737087273,117.13959524599665,0.34822148026683203,1
44.29253706250524,0.1737615931357438,86.72931156911439,0.6330160887533425,0
41.67644426895771,0.7120140203307808,77.28549107071373,0.7164577451419425,0
54.71415556386404,0.8259782127080818,80.21866667110409,0.23646812635893505,1
44.477769557190285,0.10063747852353333,73.65550443986417,0.9567767118764794,0
56.32931817755511,0.23987411275594472,78.22857137808445,0.8737323013203049,0
52.029230208513,0.1419719897609939,84.44237852114956,0.4372899857256745,0
34.84255885002768,0.3479414115821666,68.91649471232037,0.2617500241811744,1
65.47505201330061,0.45035097890541265,90.23427500924404,0.3359096585752458,1
67.95877673095522,0.7488263369633065,103.53415760679971,0.30155553100397814,1
43.87211309515614,0.6511475848816741,76.38365729779619,0.2986270234391575,1
46.122984400640156,0.6209285674784312,112.78925885462652,0.6148493509325872,0
52.85865390724905,0.3523749466096544,97.66188132791392,0.3966779539947203,1
53.34456789987025,0.8414475530847599,105.45870878436085,0.48651177322331557,1
56.5854427267283,0.47128716739816456,80.13248169221794,0.991604266707458,0
70.1020453876635,0.9791049380151545,102.81787840599924,0.7474513991402758,1
48.2305277250595,0.6341421382957368,73.6209914940703,0.959184533637601,0
42.01702755461546,0.12626474156450274,103.35371251254763,0.3140452440264925,1
36.20680771985473,0.676177562075434,92.57759009690297,0.5057115798660554,0
42.69069960058081,0.325104015431699,98.29876829977175,0.6437854426258834,0
49.66873027126203,0.6863271966860974,72.36608091562722,0.26140644951099046,1
67.94557863517788,0.06964114816240574,76.57395236585093,0.2033499549023663,1
44.823887009638284,0.1748814371759594,98.95842327380078,0.7363474670375341,0
52.237879516388986,0.8557372589057863,75.77477993663699,0.7134556134411483,1
49.83577103927248,0.2271795570235149,96.94809438148684,0.5286310479996894,0
61.88393273448084,0.83704112524294,69.49293290309632,0.5917152608256262,1
75.26932425873622,0.27927608845441043,102.72261319000002,0.5323544004736718,1
44.69131227079679,0.6428819100587077,71.51215027847236,0.21920403587591109,1
45.10560557481778,0.694150573509831,98.28449906519285,0.46829728497396994,0
60.44160877069072,0.5126547531450529,99.38446400469002,0.3416658043178319,1
56.81891489626312,0.3053106766967313,79.54842272355637,0.278739351281095,1
68.46707325736034,0.21264437637109612,98.7303985062709,0.9653763471114798,1
55.839281853259635,0.03318935456242622,93.90663395000334,0.6794877800337324,0
46.40707909212941,0.3039464012407238,81.91737215710893,0.7829250273892823,0
55.90654830692309,0.653162790531283,74.87167973885688,0.452290994612894,0
61.087035805829075,0.9383048184484827,60.56061462491131,0.5145177035952122,1
58.204821811973645,0.871204482263052,95.2447507094954,0.3895391951173788,1
55.07274031107298,0.7660647765353026,66.52795842956917,0.27757253677233984,1
60.666746895891535,0.7884473432532987,91.43016299161962,0.34322530995326705,1
61.692955904456724,0.6649849034759953,86.04827675876626,0.8380112362371888,1
63.82158991037527,0.260286857566003,100.18714163157293,0.7420366441470208,1
56.48709887589643,0.9071950307058299,85.46931750765204,0.6375431007883816,1
48.328819196831454,0.670732311905834,85.05828320479363,0.5800718982934145,0
51.46713686433323,0.56044063098044,100.97806056432444,0.9379474269248995,0
62.06508966508357,0.11098946921348107,95.02587043626177,0.2581879582229347,1
41.83064329012764,0.4470555438064254,94.74233935774167,0.4244806505903328,0
53.686733088729014,0.4603582712019263,97.03901384712789,0.47995028285657126,0
46.06661187672639,0.86456360952267,66.96641815189341,0.8259406497702304,1
50.28744822934817,0.5466482201877885,101.35183019980472,0.9940116961295771,0
62.78451862607299,0.38040054897040965,99.18703191020404,0.39253641180572246,1
51.910990680199035,0.9768003285106593,74.74975307135254,0.8994458673096646,1
50.46436548156149,0.11072059332631567,86.33879289488698,0.8644982083454331,0
36.40143859020081,0.4225484283119446,89.41039068558553,0.37972591811341333,1
57.46253566027221,0.04202467517140529,87.98254823397401,0.519466064159378,0
56.45484181141075,0.7399041207669304,95.00789949852802,0.5277382954340153,0
71.6325472330546,0.9180765521991506,111.47050172746775,0.9825765348212467,1
46.92221765046999,0.28003732955048943,106.22650091509243,0.3447135211031187,1
52.19150327663939,0.8583416767991209,70.31671209852891,0.8393263768838257,1
52.49383683710755,0.29221823046189777,99.33104985459073,0.46735417133848794,0
65.77453279763475,0.9107701616439152,109.93399979303115,0.7846962766209284,1
49.047044676130476,0.7539619035967839,95.80212781033804,0.5360088034365302,0
52.790215257703395,0.8049067768414386,106.3647063777895,0.6626878104932321,1
56.078965097165394,0.0180065556004545,120.18405668551148,0.8660894186609049,0
51.86609123156358,0.962810357074026,105.35564319160471,0.8433324519871073,1
45.535663854494715,0.7266709920703233,93.73962893462593,0.8931385468317601,0
51.94089992898308,0.3047510953861333,105.6763271112713,0.24769386027572723,1
60.73631749859772,0.8293946648588469,92.17331749645336,0.753640442431796,1
39.7348470058894,0.28152119841492995,90.35854564927433,0.31198990137741034,1
51.32969674146876,0.872753839566128,84.72878646429402,0.5326548544147288,1
42.99879185060827,0.11258039041193701,113.45120038248163,0.6388707320437508,0
61.950466289248425,0.7036859774607958,77.72357001086998,0.5221915877974646,1
34.76813095216225,0.5406984766449103,112.98551587017174,0.615689340642406,0
44.410781527284115,0.09653447019544081,97.49796185610558,0.9972210470388954,0
53.772118750645205,0.24189382825883898,69.01040737797088,0.3081738509702838,1
65.65524029234341,0.01240403627731479,95.51473939487133,0.7403648362691404,1
49.34249738927012,0.46876796546450583,58.49960238522564,0.5168007731084923,1
44.44800473306802,0.3012652607600004,99.38262025246553,0.30640783912586306,1
68.8115706944059,0.5983574842977588,103.27847224483486,0.32698941069944765,1
35.51986099583756,0.2972378077086172,81.11466066521919,0.9594184849964935,0
28.011940433799182,0.2999191115069847,91.85321543933374,0.9036811973694097,0
54.40014450053332,0.7431931987316034,119.31236150625429,0.9256335683320176,0
44.97945775647389,0.04814283597835345,82.41379943607095,0.9932262206619094,0
39.787671828692865,0.9028949951919872,74.11638619415099,0.36665231200681436,1
57.08356447299353,0.8522638743911815,112.22495103693899,0.48435146989124944,1
52.43800713771199,0.6678046832264065,119.43880785796192,0.7353752239398934,0
44.359213692632714,0.5932215701073843,90.0554350777177,0.5870420318885179,0
37.19695601329106,0.8923024981396522,105.17194553112535,0.5347116267026668,1
58.724573282801444,0.18533017952871444,110.12213873296321,0.48624899946847444,0
56.50201177958661,0.07896916219082861,78.86273651192424,0.6750245055547618,0
49.00824136220617,0.2395101699095381,82.72041246948197,0.6604747429120656,0
68.46636996047665,0.7945782787001903,108.46311769732102,0.3291662672513921,1
39.29915233673847,0.03467026672648332,115.27521418062764,0.5773918700147513,0
34.74474829075261,0.5828068350834896,98.44321290261533,0.6427774209678799,0
43.080919301187556,0.9954375161913099,76.80278469746918,0.6562295509851124,1
49.54413983644502,0.8556960938375394,119.80591667549162,0.36808575432988144,1
52.43339449322692,0.5214456890435895,82.03543653282053,0.7938171138018295,0
47.5876394214367,0.06364090928664234,84.97293328242823,0.2201592758568557,1
53.520553965142966,0.8313735143857098,95.13506751734432,0.48386548443453015,1
37.48460575809556,0.5989785081772105,113.31240631072161,0.8241701188285069,0
64.4376460407326,0.11493299705956683,102.80963964828335,0.651114336844322,1
49.178488216074314,0.0938572848233562,96.22298250542866,0.4089299460086882,0
61.172958315881274,0.9096268194365924,96.9493279517716,0.7559624954744382,1
53.42725346377704,0.6692002629380784,90.65272002965199,0.6539127553248587,0
54.567532191537836,0.8292867993167555,98.37209271777759,0.8369948875651099,1
55.69767280232204,0.8789789002822673,52.05659883458546,0.7880201489518588,1
54.47708560017315,0.5717723520483222,85.55088811395302,0.6880863376289877,0
56.42722759867544,0.5174463517550413,93.61982902375172,0.5905421402486513,0
63.29152530132431,0.4304274103209902,72.73478874570739,0.30654570053401875,1
51.9652116970147,0.3169465877911193,95.7948497671734,0.40906641430830704,0
57.09003757588512,0.43459596085871177,86.93293168520817,0.5352795783336682,0
49.102643057127736,0.7738796557301564,116.33213547473235,0.679439429605111,0
64.40117215449473,0.6019234310151316,113.59529587822284,0.6109662841722439,1
43.2360769794073,0.8925232899548461,83.01291646322755,0.4305476207676236,1
68.00940432910815,0.4433800143791877,87.73743432649957,0.20517148623176845,1
49.59842049355657,0.607089578718754,88.89078651587411,0.5969913775206512,0
35.69224897881952,0.6313075530919887,83.22510785760566,0.4285007908497945,0
51.28104414910789,0.5916971623063255,92.9253747604219,0.7876866405684282,0
43.18948342525119,0.7026337730855163,78.62576896668615,0.2191570122163868,1
58.406435489887244,0.23743346837480628,73.04076997593711,0.6678622490446326,0
43.47376020697609,0.5123637775457907,99.34066835850403,0.9531793900048524,0
45.538165667852205,0.10422480280834767,99.44294376332716,0.3395274136891996,1
31.104592690544692,0.38451132764481255,77.93526360510012,0.5773195926004764,0
45.47693680750923,0.4876670686212644,103.430331461439,0.2731375934537106,1
25.761206733710434,0.6522242595454725,80.52633406252002,0.7005455298090821,0
34.16097176514277,0.9505310525862035,93.79747857056972,0.6404253444769805,1
57.604146561442974,0.6006510665483559,102.30516018918684,0.5258924193702659,0
57.85800158650832,0.7435939161765598,89.49581152944431,0.6171016171789929,0
54.254575617849646,0.5062660594952028,96.82111368211702,0.9172597267752083,0
40.33023856870787,0.6341040313763313,82.25355534168642,0.35703544184885366,1
49.5228864385802,0.07093221613377343,87.05300124857854,0.2180516093642778,1
49.963974609094315,0.254391580841847,86.91210853679489,0.8893319077592807,0
38.416353108074574,0.3618530932051387,78.80132480189641,0.6616936659103252,0
65.0339830176715,0.47249335500651357,87.34838755326327,0.9125267643694739,1
58.77362290575671,0.045648745502383736,66.7707255170438,0.6775561787305381,1
47.79035826170336,0.14002409755331768,82.63269379286842,0.848128871967762,0
50.26885838994531,0.2768143077913058,85.72686759945493,0.5437386906841184,0
52.08382807947552,0.9715326909010507,86.1573037125693,0.7998879450306151,1
29.582651315757094,0.33134700710305076,86.37753831193832,0.9304331735118849,0
47.52822617479403,0.48204105811208253,89.07353700209806,0.6576983709777651,0
43.180157520022014,0.19609771273839294,97.19162277129095,0.34462812044990365,1
39.983799901050844,0.6107800710757683,103.11775611198783,0.41503809202415853,0
47.18899707114045,0.2806832155159743,80.25352159727599,0.35891566151792464,1
67.97686526849523,0.20699257843842678,71.95198716916283,0.39748562207658633,1
56.4084286126701,0.5165726284459791,74.36933381635346,0.44513235948082913,0
44.28821010217203,0.005505799160420821,82.6919561820761,0.6441070294025508,0
55.72582781356159,0.0076640326492253275,84.72118023275236,0.6703933035710663,0
